{
    "not": [
        [
            42.509408,
            1.537860
        ],
        [
            42.360316,
            -71.092502
        ],
        [
            42.360975,
            -71.096333
        ],
        [
            42.359241,
            -71.096661
        ],
        [
            42.361050,
            -71.096313
        ],
        [
            42.361785,
            -71.088660
        ],
        [
            42.359137,
            -71.100313
        ],
        [
            42.356295,
            -71.105871
        ],
        [
            42.338087,
            -71.071438
        ],
        [
            42.337606,
            -71.085008
        ],
        [
            42.344846,
            -71.077946
        ],
        [
            42.353796,
            -71.058557
        ],
        [
            42.357595,
            -71.068710
        ],
        [
            42.362092,
            -71.059761
        ],
        [
            42.352782,
            -71.080695
        ],
        [
            42.353717,
            -71.077334
        ],
        [
            42.351787,
            -71.084398
        ],
        [
            42.352141,
            -71.084713
        ],
        [
            42.353750,
            -71.075487
        ],
        [
            42.354530,
            -71.074215
        ],
        [
            42.350350,
            -71.089672
        ],
        [
            42.351227,
            -71.077302
        ],
        [
            42.350634,
            -71.080058
        ],
        [
            42.348629,
            -71.085597
        ]
    ],
    "sq": [
        [
            42.362539,
            -71.085930
        ],
        [
            42.363229,
            -71.082195
        ],
        [
            42.362310,
            -71.094719
        ],
        [
            42.358404,
            -71.091283
        ],
        [
            42.359882,
            -71.088793
        ],
        [
            42.361189,
            -71.087340
        ],
        [
            42.361730,
            -71.089197
        ],
        [
            42.361648,
            -71.090537
        ],
        [
            42.363174,
            -71.092105
        ],
        [
            42.363106,
            -71.086620
        ],
        [
            42.350927,
            -71.106119
        ]
    ]
}